status,total_orders,percentage
approved,2,0.0020112428475176237
canceled,625,0.6285133898492573
created,5,0.005028107118794059
delivered,96478,97.02034372140264
invoiced,314,0.3157651270602669
processing,301,0.30269204855140236
shipped,1107,1.1132229161010045
unavailable,609,0.6124234470691163
